document_date,buyer_name,document_type,reference_no,seller_name,product_category,quantity,item_description,invoice_year,unit_price,amount,source_file,source_row_number,document_date_parsed,unit_price_recomputed,unit_price_variance,analysis_unit_price,year,is_anomalous_price,anomaly_reason,hashed_trade_identifier
2020-01-05,SAKAE KYO PTE LTD,CINV,INV-1001,YOCORN FOOD ENTERPRISE PTE LTD,FOOD_PRODUCT,10,Nori Wrapper Green,2020,8.5,85.0,CINV_2020.csv,2,2020-01-05,8.5,0.0,8.5,2020,False,,1cf73c229ef755d3e6f8bf9ca34106cb7f4d2150e7595bbccd90dca76fd922d5
2020-01-08,SAKAE KYO PTE LTD,CINV,INV-1002,YOCORN FOOD ENTERPRISE PTE LTD,FOOD_PRODUCT,12,Nori Wrapper Orange,2020,8.75,105.0,CINV_2020.csv,3,2020-01-08,8.75,0.0,8.75,2020,False,,59263bf071c44f7a9a488f888bbc849f58e45208098b091312379816682eb4c0
2020-02-12,SAKAE KYO PTE LTD,CINV,INV-1003,YOCORN FOOD ENTERPRISE PTE LTD,FOOD_PRODUCT,8,Shiba Zuke Purple,2020,8.25,66.0,CINV_2020.csv,4,2020-02-12,8.25,0.0,8.25,2020,False,,716dfd99f693fb38b141b5932297a1d56ccf31fb4deddbe94cfb918754a43932
2020-03-03,SAKAE KYO PTE LTD,CINV,INV-1004,YOCORN FOOD ENTERPRISE PTE LTD,FOOD_PRODUCT,10,Wasabi Paste,2020,8.6,86.0,CINV_2020.csv,5,2020-03-03,8.6,0.0,8.6,2020,False,,44c3f4e3139ac714e2bee0d4c193e0d5120113d578ffcafb77bea80880339600
2020-03-20,SAKAE KYO PTE LTD,CINV,INV-1005,YOCORN FOOD ENTERPRISE PTE LTD,FOOD_PRODUCT,10,Nori Wrapper Premium,2020,8.4,84.0,CINV_2020.csv,6,2020-03-20,8.4,0.0,8.4,2020,False,,25c91a5737a7b8c9b952bad22b6d8736fdc49c27a0bed0ef3717791cff1313e3
2020-04-02,SAKAE KYO PTE LTD,CINV,INV-1006,YOCORN FOOD ENTERPRISE PTE LTD,FOOD_PRODUCT,10,Nori Wrapper Special,2020,22.0,220.0,CINV_2020.csv,7,2020-04-02,22.0,0.0,22.0,2020,True,POTENTIAL_UNIT_PRICE_ANOMALY_IQR,a9f007d5ddb3be8b26e48e0b593ff4dcd1d5203af09cd90594b83d35b95235e5
2021-01-11,OCEANIC MARINE PTE LTD,CINV,INV-2101,MARINE SUPPLY ASIA PTE LTD,MARINE_CONSUMABLE,20,Desiccant 100g Bag,2021,1.1,22.0,CINV_2021.csv,2,2021-01-11,1.1,0.0,1.1,2021,False,,8a8d2ea54802bac976ab8b8cb31b1fa682545c4ad954739408e4bacd4cc2715e
2021-02-14,OCEANIC MARINE PTE LTD,CINV,INV-2102,MARINE SUPPLY ASIA PTE LTD,MARINE_CONSUMABLE,25,Desiccant 100g Bag,2021,1.12,28.0,CINV_2021.csv,3,2021-02-14,1.12,0.0,1.12,2021,False,,f1a5b56f782dc4781453723973f8b18539f4183a05aaf4a9791024caaf04bd90
2021-03-19,OCEANIC MARINE PTE LTD,CINV,INV-2103,MARINE SUPPLY ASIA PTE LTD,MARINE_CONSUMABLE,30,Desiccant 100g Bag,2021,1.08,32.4,CINV_2021.csv,4,2021-03-19,1.0799999999999998,2.220446049250313e-16,1.0799999999999998,2021,False,,6f999efbf4d3434a55aba6334f6d3211d11ef5d56de07174389343b3599b0d49
2021-04-02,OCEANIC MARINE PTE LTD,CINV,INV-2104,MARINE SUPPLY ASIA PTE LTD,MARINE_CONSUMABLE,20,Absorbent Pad,2021,1.15,23.0,CINV_2021.csv,5,2021-04-02,1.15,0.0,1.15,2021,False,,6ae5a45947ace568ed2f6942dc45f2393f91b0f36fdd7209037fbbd4e1dcd3e1
2021-05-06,OCEANIC MARINE PTE LTD,CINV,INV-2105,MARINE SUPPLY ASIA PTE LTD,MARINE_CONSUMABLE,20,Absorbent Pad,2021,1.11,22.2,CINV_2021.csv,6,2021-05-06,1.1099999999999999,2.220446049250313e-16,1.1099999999999999,2021,False,,03f32762b68d03678bf890b1e2d2c02f11b3d0b7ff7fdcbeb069eba7267d82b4
2021-06-09,OCEANIC MARINE PTE LTD,CINV,INV-2106,MARINE SUPPLY ASIA PTE LTD,MARINE_CONSUMABLE,20,Absorbent Pad,2021,4.9,98.0,CINV_2021.csv,7,2021-06-09,4.9,0.0,4.9,2021,True,POTENTIAL_UNIT_PRICE_ANOMALY_IQR,0847dff53147a6d1ec58b4494f1ce5237cc7f05d9ddc1d569d2663cc8739c0bb
2022-01-07,PACIFIC FOODS PTE LTD,CINV,INV-3201,ASIA INGREDIENTS PTE LTD,FOOD_INGREDIENT,100,Rice Vinegar 5L,2022,4.2,420.0,CINV_2022_legacy_schema.csv,2,2022-01-07,4.2,,4.2,2022,False,,5d1eda6010450c3a2e043c9618476a716a21c717c42df2bc147d88f7923f33b0
2022-02-10,PACIFIC FOODS PTE LTD,CINV,INV-3202,ASIA INGREDIENTS PTE LTD,FOOD_INGREDIENT,120,Rice Vinegar 5L,2022,4.3,516.0,CINV_2022_legacy_schema.csv,3,2022-02-10,4.3,,4.3,2022,False,,f02b6e32abe1e1c516ac96a4c4bcc570e151bad06b1783c055e8e3ab79e290be
2022-03-15,PACIFIC FOODS PTE LTD,CINV,INV-3203,ASIA INGREDIENTS PTE LTD,FOOD_INGREDIENT,80,Cooking Mirin 5L,2022,4.2,336.0,CINV_2022_legacy_schema.csv,4,2022-03-15,4.2,,4.2,2022,False,,bc6d709de638867436679f2b37119749e94e0124d46782d4f7343ff6d79a67af
2022-04-22,PACIFIC FOODS PTE LTD,CINV,INV-3204,ASIA INGREDIENTS PTE LTD,FOOD_INGREDIENT,100,Cooking Mirin 5L,2022,4.25,425.0,CINV_2022_legacy_schema.csv,5,2022-04-22,4.25,,4.25,2022,False,,ffb725ab185d78f64435f69183c77357fec5cae0b53eea22c75be5be9ca0ba0d
2022-05-18,PACIFIC FOODS PTE LTD,CINV,INV-3205,ASIA INGREDIENTS PTE LTD,FOOD_INGREDIENT,90,Soy Sauce 5L,2022,4.25,382.5,CINV_2022_legacy_schema.csv,6,2022-05-18,4.25,,4.25,2022,False,,483cddb209d4b830ddfcec89c19eba5576199779b4196c578a1c663c3ebad2c1
2022-06-20,PACIFIC FOODS PTE LTD,CINV,INV-3206,ASIA INGREDIENTS PTE LTD,FOOD_INGREDIENT,100,Soy Sauce 5L,2022,4.3,430.0,CINV_2022_legacy_schema.csv,7,2022-06-20,4.3,,4.3,2022,False,,7987de4110ac496df50ae60d055fd583b94765276966d6868735532efdc399f3
