document_date,buyer_name,document_type,reference_no,seller_name,product_category,quantity,item_description,invoice_year,unit_price,amount,source_file,source_row_number
2020-01-05,SAKAE KYO PTE LTD,CINV,INV-1001,YOCORN FOOD ENTERPRISE PTE LTD,FOOD_PRODUCT,10,Nori Wrapper Green,2020,8.5,85.0,CINV_2020.csv,2
2020-01-08,SAKAE KYO PTE LTD,CINV,INV-1002,YOCORN FOOD ENTERPRISE PTE LTD,FOOD_PRODUCT,12,Nori Wrapper Orange,2020,8.75,105.0,CINV_2020.csv,3
2020-02-12,SAKAE KYO PTE LTD,CINV,INV-1003,YOCORN FOOD ENTERPRISE PTE LTD,FOOD_PRODUCT,8,Shiba Zuke Purple,2020,8.25,66.0,CINV_2020.csv,4
2020-03-03,SAKAE KYO PTE LTD,CINV,INV-1004,YOCORN FOOD ENTERPRISE PTE LTD,FOOD_PRODUCT,10,Wasabi Paste,2020,8.6,86.0,CINV_2020.csv,5
2020-03-20,SAKAE KYO PTE LTD,CINV,INV-1005,YOCORN FOOD ENTERPRISE PTE LTD,FOOD_PRODUCT,10,Nori Wrapper Premium,2020,8.4,84.0,CINV_2020.csv,6
2020-04-02,SAKAE KYO PTE LTD,CINV,INV-1006,YOCORN FOOD ENTERPRISE PTE LTD,FOOD_PRODUCT,10,Nori Wrapper Special,2020,22.0,220.0,CINV_2020.csv,7
2021-01-11,OCEANIC MARINE PTE LTD,CINV,INV-2101,MARINE SUPPLY ASIA PTE LTD,MARINE_CONSUMABLE,20,Desiccant 100g Bag,2021,1.1,22.0,CINV_2021.csv,2
2021-02-14,OCEANIC MARINE PTE LTD,CINV,INV-2102,MARINE SUPPLY ASIA PTE LTD,MARINE_CONSUMABLE,25,Desiccant 100g Bag,2021,1.12,28.0,CINV_2021.csv,3
2021-03-19,OCEANIC MARINE PTE LTD,CINV,INV-2103,MARINE SUPPLY ASIA PTE LTD,MARINE_CONSUMABLE,30,Desiccant 100g Bag,2021,1.08,32.4,CINV_2021.csv,4
2021-04-02,OCEANIC MARINE PTE LTD,CINV,INV-2104,MARINE SUPPLY ASIA PTE LTD,MARINE_CONSUMABLE,20,Absorbent Pad,2021,1.15,23.0,CINV_2021.csv,5
2021-05-06,OCEANIC MARINE PTE LTD,CINV,INV-2105,MARINE SUPPLY ASIA PTE LTD,MARINE_CONSUMABLE,20,Absorbent Pad,2021,1.11,22.2,CINV_2021.csv,6
2021-06-09,OCEANIC MARINE PTE LTD,CINV,INV-2106,MARINE SUPPLY ASIA PTE LTD,MARINE_CONSUMABLE,20,Absorbent Pad,2021,4.9,98.0,CINV_2021.csv,7
2021-01-11,OCEANIC MARINE PTE LTD,CINV,INV-2101,MARINE SUPPLY ASIA PTE LTD,MARINE_CONSUMABLE,20,Desiccant 100g Bag,2021,1.1,21.0,CINV_2021.csv,8
2022-01-07,PACIFIC FOODS PTE LTD,CINV,INV-3201,ASIA INGREDIENTS PTE LTD,FOOD_INGREDIENT,100,Rice Vinegar 5L,2022,,420.0,CINV_2022_legacy_schema.csv,2
2022-02-10,PACIFIC FOODS PTE LTD,CINV,INV-3202,ASIA INGREDIENTS PTE LTD,FOOD_INGREDIENT,120,Rice Vinegar 5L,2022,,516.0,CINV_2022_legacy_schema.csv,3
2022-03-15,PACIFIC FOODS PTE LTD,CINV,INV-3203,ASIA INGREDIENTS PTE LTD,FOOD_INGREDIENT,80,Cooking Mirin 5L,2022,,336.0,CINV_2022_legacy_schema.csv,4
2022-04-22,PACIFIC FOODS PTE LTD,CINV,INV-3204,ASIA INGREDIENTS PTE LTD,FOOD_INGREDIENT,100,Cooking Mirin 5L,2022,,425.0,CINV_2022_legacy_schema.csv,5
2022-05-18,PACIFIC FOODS PTE LTD,CINV,INV-3205,ASIA INGREDIENTS PTE LTD,FOOD_INGREDIENT,90,Soy Sauce 5L,2022,,382.5,CINV_2022_legacy_schema.csv,6
2022-06-20,PACIFIC FOODS PTE LTD,CINV,INV-3206,ASIA INGREDIENTS PTE LTD,FOOD_INGREDIENT,100,Soy Sauce 5L,2022,,430.0,CINV_2022_legacy_schema.csv,7
