document_date,buyer_name,document_type,reference_no,seller_name,product_category,quantity,item_description,invoice_year,unit_price,amount,source_file,source_row_number,document_date_parsed,unit_price_recomputed,unit_price_variance,analysis_unit_price,year,is_anomalous_price,anomaly_reason,trade_identifier
2020-01-05,SAKAE KYO PTE LTD,CINV,INV-1001,YOCORN FOOD ENTERPRISE PTE LTD,FOOD_PRODUCT,10,Nori Wrapper Green,2020,8.5,85.0,CINV_2020.csv,2,2020-01-05,8.5,0.0,8.5,2020,False,,T0019501S
2020-01-08,SAKAE KYO PTE LTD,CINV,INV-1002,YOCORN FOOD ENTERPRISE PTE LTD,FOOD_PRODUCT,12,Nori Wrapper Orange,2020,8.75,105.0,CINV_2020.csv,3,2020-01-08,8.75,0.0,8.75,2020,False,,T0029501S
2020-02-12,SAKAE KYO PTE LTD,CINV,INV-1003,YOCORN FOOD ENTERPRISE PTE LTD,FOOD_PRODUCT,8,Shiba Zuke Purple,2020,8.25,66.0,CINV_2020.csv,4,2020-02-12,8.25,0.0,8.25,2020,False,,T0036602S
2020-03-03,SAKAE KYO PTE LTD,CINV,INV-1004,YOCORN FOOD ENTERPRISE PTE LTD,FOOD_PRODUCT,10,Wasabi Paste,2020,8.6,86.0,CINV_2020.csv,5,2020-03-03,8.6,0.0,8.6,2020,False,,T0048503S
2020-03-20,SAKAE KYO PTE LTD,CINV,INV-1005,YOCORN FOOD ENTERPRISE PTE LTD,FOOD_PRODUCT,10,Nori Wrapper Premium,2020,8.4,84.0,CINV_2020.csv,6,2020-03-20,8.4,0.0,8.4,2020,False,,T0058503S
2020-04-02,SAKAE KYO PTE LTD,CINV,INV-1006,YOCORN FOOD ENTERPRISE PTE LTD,FOOD_PRODUCT,10,Nori Wrapper Special,2020,22.0,220.0,CINV_2020.csv,7,2020-04-02,22.0,0.0,22.0,2020,True,POTENTIAL_UNIT_PRICE_ANOMALY_IQR,T0062204S
2021-01-11,OCEANIC MARINE PTE LTD,CINV,INV-2101,MARINE SUPPLY ASIA PTE LTD,MARINE_CONSUMABLE,20,Desiccant 100g Bag,2021,1.1,22.0,CINV_2021.csv,2,2021-01-11,1.1,0.0,1.1,2021,False,,T1012201O
2021-02-14,OCEANIC MARINE PTE LTD,CINV,INV-2102,MARINE SUPPLY ASIA PTE LTD,MARINE_CONSUMABLE,25,Desiccant 100g Bag,2021,1.12,28.0,CINV_2021.csv,3,2021-02-14,1.12,0.0,1.12,2021,False,,T1022802O
2021-03-19,OCEANIC MARINE PTE LTD,CINV,INV-2103,MARINE SUPPLY ASIA PTE LTD,MARINE_CONSUMABLE,30,Desiccant 100g Bag,2021,1.08,32.4,CINV_2021.csv,4,2021-03-19,1.0799999999999998,2.220446049250313e-16,1.0799999999999998,2021,False,,T1033203O
2021-04-02,OCEANIC MARINE PTE LTD,CINV,INV-2104,MARINE SUPPLY ASIA PTE LTD,MARINE_CONSUMABLE,20,Absorbent Pad,2021,1.15,23.0,CINV_2021.csv,5,2021-04-02,1.15,0.0,1.15,2021,False,,T1042304O
2021-05-06,OCEANIC MARINE PTE LTD,CINV,INV-2105,MARINE SUPPLY ASIA PTE LTD,MARINE_CONSUMABLE,20,Absorbent Pad,2021,1.11,22.2,CINV_2021.csv,6,2021-05-06,1.1099999999999999,2.220446049250313e-16,1.1099999999999999,2021,False,,T1052205O
2021-06-09,OCEANIC MARINE PTE LTD,CINV,INV-2106,MARINE SUPPLY ASIA PTE LTD,MARINE_CONSUMABLE,20,Absorbent Pad,2021,4.9,98.0,CINV_2021.csv,7,2021-06-09,4.9,0.0,4.9,2021,True,POTENTIAL_UNIT_PRICE_ANOMALY_IQR,T1069806O
2022-01-07,PACIFIC FOODS PTE LTD,CINV,INV-3201,ASIA INGREDIENTS PTE LTD,FOOD_INGREDIENT,100,Rice Vinegar 5L,2022,4.2,420.0,CINV_2022_legacy_schema.csv,2,2022-01-07,4.2,,4.2,2022,False,,T2014201P
2022-02-10,PACIFIC FOODS PTE LTD,CINV,INV-3202,ASIA INGREDIENTS PTE LTD,FOOD_INGREDIENT,120,Rice Vinegar 5L,2022,4.3,516.0,CINV_2022_legacy_schema.csv,3,2022-02-10,4.3,,4.3,2022,False,,T2025102P
2022-03-15,PACIFIC FOODS PTE LTD,CINV,INV-3203,ASIA INGREDIENTS PTE LTD,FOOD_INGREDIENT,80,Cooking Mirin 5L,2022,4.2,336.0,CINV_2022_legacy_schema.csv,4,2022-03-15,4.2,,4.2,2022,False,,T2033303P
2022-04-22,PACIFIC FOODS PTE LTD,CINV,INV-3204,ASIA INGREDIENTS PTE LTD,FOOD_INGREDIENT,100,Cooking Mirin 5L,2022,4.25,425.0,CINV_2022_legacy_schema.csv,5,2022-04-22,4.25,,4.25,2022,False,,T2044204P
2022-05-18,PACIFIC FOODS PTE LTD,CINV,INV-3205,ASIA INGREDIENTS PTE LTD,FOOD_INGREDIENT,90,Soy Sauce 5L,2022,4.25,382.5,CINV_2022_legacy_schema.csv,6,2022-05-18,4.25,,4.25,2022,False,,T2053805P
2022-06-20,PACIFIC FOODS PTE LTD,CINV,INV-3206,ASIA INGREDIENTS PTE LTD,FOOD_INGREDIENT,100,Soy Sauce 5L,2022,4.3,430.0,CINV_2022_legacy_schema.csv,7,2022-06-20,4.3,,4.3,2022,False,,T2064306P
